wallet,dateTx1,Tx1To,Tx1Selector,dateTx2,Tx2To,Tx2Selector,dateTx3,Tx3To,Tx3Selector
0xcb0d15753762b057f2b5497eb02075a61be8e666,2024-06-16T00:10:21.000Z,0x557764618fc2f4eca692d422ba79c70f237113e6,0x9fc96c7e,2024-06-15T00:19:01.000Z,0x557764618fc2f4eca692d422ba79c70f237113e6,0x9fc96c7e,2024-06-14T00:11:59.000Z,0x557764618fc2f4eca692d422ba79c70f237113e6,0x9fc96c7e
0x56f4a89b127afe1ef70b2a5c0ac197e4225e7a1d,2024-06-16T00:11:37.000Z,0x557764618fc2f4eca692d422ba79c70f237113e6,0x9fc96c7e,2024-06-15T00:18:40.000Z,0x557764618fc2f4eca692d422ba79c70f237113e6,0x9fc96c7e,2024-06-14T00:11:13.000Z,0x557764618fc2f4eca692d422ba79c70f237113e6,0x9fc96c7e
0xc4920e6ec91e3df494f8849d888b3e6848467ed7,2024-06-16T00:10:21.000Z,0x557764618fc2f4eca692d422ba79c70f237113e6,0x9fc96c7e,2024-06-15T00:19:34.000Z,0x557764618fc2f4eca692d422ba79c70f237113e6,0x9fc96c7e,2024-06-14T00:11:26.000Z,0x557764618fc2f4eca692d422ba79c70f237113e6,0x9fc96c7e
0x5ca7df543f9c3b0626b834b2028b209846a8bf25,2024-06-16T00:10:48.000Z,0x557764618fc2f4eca692d422ba79c70f237113e6,0x9fc96c7e,2024-06-15T00:17:45.000Z,0x557764618fc2f4eca692d422ba79c70f237113e6,0x9fc96c7e,2024-06-14T00:11:06.000Z,0x557764618fc2f4eca692d422ba79c70f237113e6,0x9fc96c7e
0x221dd3eebb8bb3ddecd49bc884c94b0cfad2c19d,2024-06-16T00:11:18.000Z,0x557764618fc2f4eca692d422ba79c70f237113e6,0x9fc96c7e,2024-06-15T00:19:38.000Z,0x557764618fc2f4eca692d422ba79c70f237113e6,0x9fc96c7e,2024-06-14T00:10:58.000Z,0x557764618fc2f4eca692d422ba79c70f237113e6,0x9fc96c7e
0x00f836d74c80431a0f9701c93e1a5bee2c7d2fd7,2024-06-16T00:11:00.000Z,0x557764618fc2f4eca692d422ba79c70f237113e6,0x9fc96c7e,2024-06-15T00:19:26.000Z,0x557764618fc2f4eca692d422ba79c70f237113e6,0x9fc96c7e,2024-06-14T00:12:31.000Z,0x557764618fc2f4eca692d422ba79c70f237113e6,0x9fc96c7e
0xcfb4f3261e24a2ecf4322e2dbd16acc89a317ce6,2024-06-16T00:12:06.000Z,0x557764618fc2f4eca692d422ba79c70f237113e6,0x9fc96c7e,2024-06-15T00:20:29.000Z,0x557764618fc2f4eca692d422ba79c70f237113e6,0x9fc96c7e,2024-06-14T00:11:59.000Z,0x557764618fc2f4eca692d422ba79c70f237113e6,0x9fc96c7e
0x08ead62ea236a09d1499918eac307bf416eeaf55,2024-06-16T00:11:00.000Z,0x557764618fc2f4eca692d422ba79c70f237113e6,0x9fc96c7e,2024-06-15T00:20:29.000Z,0x557764618fc2f4eca692d422ba79c70f237113e6,0x9fc96c7e,2024-06-14T00:10:19.000Z,0x557764618fc2f4eca692d422ba79c70f237113e6,0x9fc96c7e
0x0f53717f79133dc91f7f0a1ef382e78452a04de2,2024-06-16T00:11:43.000Z,0x557764618fc2f4eca692d422ba79c70f237113e6,0x9fc96c7e,2024-06-15T00:19:20.000Z,0x557764618fc2f4eca692d422ba79c70f237113e6,0x9fc96c7e,2024-06-14T00:13:03.000Z,0x557764618fc2f4eca692d422ba79c70f237113e6,0x9fc96c7e
0x26d693968f9f763609f0f645a10fdb2696ba9cb6,2024-06-16T00:12:06.000Z,0x557764618fc2f4eca692d422ba79c70f237113e6,0x9fc96c7e,2024-06-15T00:19:34.000Z,0x557764618fc2f4eca692d422ba79c70f237113e6,0x9fc96c7e,2024-06-14T00:11:42.000Z,0x557764618fc2f4eca692d422ba79c70f237113e6,0x9fc96c7e
0xb9607273ab34c5599f601165adcb9c504357ecb1,2024-06-16T00:11:43.000Z,0x557764618fc2f4eca692d422ba79c70f237113e6,0x9fc96c7e,2024-06-15T00:18:24.000Z,0x557764618fc2f4eca692d422ba79c70f237113e6,0x9fc96c7e,2024-06-14T00:10:46.000Z,0x557764618fc2f4eca692d422ba79c70f237113e6,0x9fc96c7e
0xbce991db9d18602e31e5543846225955f87ecf24,2024-06-16T00:11:22.000Z,0x557764618fc2f4eca692d422ba79c70f237113e6,0x9fc96c7e,2024-06-15T00:18:49.000Z,0x557764618fc2f4eca692d422ba79c70f237113e6,0x9fc96c7e,2024-06-14T00:13:03.000Z,0x557764618fc2f4eca692d422ba79c70f237113e6,0x9fc96c7e
0x02a068701d1a845184593999f853937eb78b464d,2024-06-16T00:09:13.000Z,0x557764618fc2f4eca692d422ba79c70f237113e6,0x9fc96c7e,2024-06-15T00:18:49.000Z,0x557764618fc2f4eca692d422ba79c70f237113e6,0x9fc96c7e,2024-06-14T00:10:38.000Z,0x557764618fc2f4eca692d422ba79c70f237113e6,0x9fc96c7e
0x762f8671c922bbccf7aa32c5fbdba294654538e2,2024-06-16T00:09:57.000Z,0x557764618fc2f4eca692d422ba79c70f237113e6,0x9fc96c7e,2024-06-15T00:19:13.000Z,0x557764618fc2f4eca692d422ba79c70f237113e6,0x9fc96c7e,2024-06-14T00:11:25.000Z,0x557764618fc2f4eca692d422ba79c70f237113e6,0x9fc96c7e
0xdcc5e2759ac385871f2a04d3999cff164c673f96,2024-06-16T00:09:36.000Z,0x557764618fc2f4eca692d422ba79c70f237113e6,0x9fc96c7e,2024-06-15T00:20:15.000Z,0x557764618fc2f4eca692d422ba79c70f237113e6,0x9fc96c7e,2024-06-14T00:11:59.000Z,0x557764618fc2f4eca692d422ba79c70f237113e6,0x9fc96c7e
0xea1cdbc4292097ad3f2e9aa507e9cd8d08957c4b,2024-06-16T00:09:24.000Z,0x557764618fc2f4eca692d422ba79c70f237113e6,0x9fc96c7e,2024-06-15T00:19:34.000Z,0x557764618fc2f4eca692d422ba79c70f237113e6,0x9fc96c7e,2024-06-14T00:11:25.000Z,0x557764618fc2f4eca692d422ba79c70f237113e6,0x9fc96c7e
0x8e53470c06eb5dafedd4c1301b5b86daf4f5083d,,,,,,,,,
0x27a20070318ca144287e99c22dc6bad9f5d7577f,2024-06-16T00:12:06.000Z,0x557764618fc2f4eca692d422ba79c70f237113e6,0x9fc96c7e,2024-06-15T00:18:11.000Z,0x557764618fc2f4eca692d422ba79c70f237113e6,0x9fc96c7e,2024-06-14T00:13:34.000Z,0x557764618fc2f4eca692d422ba79c70f237113e6,0x9fc96c7e
0x61ec0d3b8db7e7928ae8b3ef475e88182546d572,2024-06-16T00:10:34.000Z,0x557764618fc2f4eca692d422ba79c70f237113e6,0x9fc96c7e,2024-06-15T00:19:34.000Z,0x557764618fc2f4eca692d422ba79c70f237113e6,0x9fc96c7e,2024-06-14T00:12:24.000Z,0x557764618fc2f4eca692d422ba79c70f237113e6,0x9fc96c7e
0x10eaf430b60cde54a1fce598a520901a1e111b8b,2024-06-15T15:17:26.000Z,0x557764618fc2f4eca692d422ba79c70f237113e6,0x9fc96c7e,2024-06-15T15:15:15.000Z,0x557764618fc2f4eca692d422ba79c70f237113e6,0x9fc96c7e,2024-06-12T10:16:18.000Z,0x557764618fc2f4eca692d422ba79c70f237113e6,0x9fc96c7e
0x588f6a5504afac7b4be58fdbea06a760cbc3220e,2024-06-15T15:13:41.000Z,0x557764618fc2f4eca692d422ba79c70f237113e6,0x9fc96c7e,2024-06-12T10:16:14.000Z,0x557764618fc2f4eca692d422ba79c70f237113e6,0x9fc96c7e,2024-06-11T23:42:26.000Z,0x557764618fc2f4eca692d422ba79c70f237113e6,0x9fc96c7e
0x8995e1af20a65d0bf68c82ee6117870d3ffda225,2024-06-15T15:16:14.000Z,0x557764618fc2f4eca692d422ba79c70f237113e6,0x9fc96c7e,2024-06-12T10:15:17.000Z,0x557764618fc2f4eca692d422ba79c70f237113e6,0x9fc96c7e,2024-06-11T23:42:03.000Z,0x557764618fc2f4eca692d422ba79c70f237113e6,0x9fc96c7e
0xd6a26d9d269adb3c3d54ea730d533ce0556b485f,2024-06-15T15:14:12.000Z,0x557764618fc2f4eca692d422ba79c70f237113e6,0x9fc96c7e,2024-06-12T10:15:56.000Z,0x557764618fc2f4eca692d422ba79c70f237113e6,0x9fc96c7e,2024-06-11T23:41:55.000Z,0x557764618fc2f4eca692d422ba79c70f237113e6,0x9fc96c7e
0x0459a264c9db1191207689de0665ea2b53d8f5d9,2024-06-15T15:13:28.000Z,0x557764618fc2f4eca692d422ba79c70f237113e6,0x9fc96c7e,2024-06-12T10:15:29.000Z,0x557764618fc2f4eca692d422ba79c70f237113e6,0x9fc96c7e,2024-06-11T23:42:48.000Z,0x557764618fc2f4eca692d422ba79c70f237113e6,0x9fc96c7e
0x903035e86ec93bb822e4b67544c181762bd222d2,2024-06-15T15:15:09.000Z,0x557764618fc2f4eca692d422ba79c70f237113e6,0x9fc96c7e,2024-06-12T10:16:30.000Z,0x557764618fc2f4eca692d422ba79c70f237113e6,0x9fc96c7e,2024-06-11T23:43:11.000Z,0x557764618fc2f4eca692d422ba79c70f237113e6,0x9fc96c7e
0xe8178ce8ea1591b11f6c6a5dcf71c719428b3956,2024-06-15T15:15:56.000Z,0x557764618fc2f4eca692d422ba79c70f237113e6,0x9fc96c7e,2024-06-12T10:16:03.000Z,0x557764618fc2f4eca692d422ba79c70f237113e6,0x9fc96c7e,2024-06-11T23:43:50.000Z,0x557764618fc2f4eca692d422ba79c70f237113e6,0x9fc96c7e
0xe15039f36d50bb191edcb4b3e44d6871de3a5849,2024-06-15T15:15:23.000Z,0x557764618fc2f4eca692d422ba79c70f237113e6,0x9fc96c7e,2024-06-12T10:16:30.000Z,0x557764618fc2f4eca692d422ba79c70f237113e6,0x9fc96c7e,2024-06-11T23:44:00.000Z,0x557764618fc2f4eca692d422ba79c70f237113e6,0x9fc96c7e
0xf45f4f7bff6d0488dc2842acb7ef36bfc5424ba5,2024-06-15T15:13:04.000Z,0x557764618fc2f4eca692d422ba79c70f237113e6,0x9fc96c7e,2024-06-12T10:15:42.000Z,0x557764618fc2f4eca692d422ba79c70f237113e6,0x9fc96c7e,2024-06-11T23:42:26.000Z,0x557764618fc2f4eca692d422ba79c70f237113e6,0x9fc96c7e
0x405bc15217cbf590f137dd055781a3c6000b4e8d,2024-06-15T15:14:15.000Z,0x557764618fc2f4eca692d422ba79c70f237113e6,0x9fc96c7e,2024-06-12T10:15:07.000Z,0x557764618fc2f4eca692d422ba79c70f237113e6,0x9fc96c7e,2024-06-11T23:44:21.000Z,0x557764618fc2f4eca692d422ba79c70f237113e6,0x9fc96c7e
0x76b02d4d2c04c23be83d45dc980a164f68ea9e6f,2024-06-15T15:14:48.000Z,0x557764618fc2f4eca692d422ba79c70f237113e6,0x9fc96c7e,2024-06-12T10:15:38.000Z,0x557764618fc2f4eca692d422ba79c70f237113e6,0x9fc96c7e,2024-06-11T23:44:21.000Z,0x557764618fc2f4eca692d422ba79c70f237113e6,0x9fc96c7e
0x9dabd7b14dc3672579dfaa53f36d52d0ff2ee63d,2024-06-15T15:14:43.000Z,0x557764618fc2f4eca692d422ba79c70f237113e6,0x9fc96c7e,2024-06-12T10:16:03.000Z,0x557764618fc2f4eca692d422ba79c70f237113e6,0x9fc96c7e,2024-06-11T23:44:16.000Z,0x557764618fc2f4eca692d422ba79c70f237113e6,0x9fc96c7e
0x806d829008c0398cf2c3b395d3df2cb949dfca89,2024-06-15T15:14:48.000Z,0x557764618fc2f4eca692d422ba79c70f237113e6,0x9fc96c7e,2024-06-12T10:16:26.000Z,0x557764618fc2f4eca692d422ba79c70f237113e6,0x9fc96c7e,2024-06-11T23:42:48.000Z,0x557764618fc2f4eca692d422ba79c70f237113e6,0x9fc96c7e
0x58299d689e8a7cf4c6ad67cb0146b6524aa6400d,2024-06-15T15:15:23.000Z,0x557764618fc2f4eca692d422ba79c70f237113e6,0x9fc96c7e,2024-06-12T10:16:18.000Z,0x557764618fc2f4eca692d422ba79c70f237113e6,0x9fc96c7e,2024-06-11T23:44:11.000Z,0x557764618fc2f4eca692d422ba79c70f237113e6,0x9fc96c7e
0x2f38d2022336248f1287aac72f75c239d6e705bc,2024-06-15T15:15:15.000Z,0x557764618fc2f4eca692d422ba79c70f237113e6,0x9fc96c7e,2024-06-12T10:16:39.000Z,0x557764618fc2f4eca692d422ba79c70f237113e6,0x9fc96c7e,2024-06-11T23:43:23.000Z,0x557764618fc2f4eca692d422ba79c70f237113e6,0x9fc96c7e
0xcaf4be6017beddc45786d6b7753583d661f3541e,2024-06-15T15:15:23.000Z,0x557764618fc2f4eca692d422ba79c70f237113e6,0x9fc96c7e,2024-06-12T10:15:56.000Z,0x557764618fc2f4eca692d422ba79c70f237113e6,0x9fc96c7e,2024-06-11T23:42:48.000Z,0x557764618fc2f4eca692d422ba79c70f237113e6,0x9fc96c7e
0x764e540786b3016f15acd86ce310efeccd7e04e3,2024-06-15T15:13:16.000Z,0x557764618fc2f4eca692d422ba79c70f237113e6,0x9fc96c7e,2024-06-12T10:16:26.000Z,0x557764618fc2f4eca692d422ba79c70f237113e6,0x9fc96c7e,2024-06-11T23:43:22.000Z,0x557764618fc2f4eca692d422ba79c70f237113e6,0x9fc96c7e
0x74e78bab59960426c84f34440824e604d006b854,2024-06-15T15:14:07.000Z,0x557764618fc2f4eca692d422ba79c70f237113e6,0x9fc96c7e,2024-06-12T10:15:01.000Z,0x557764618fc2f4eca692d422ba79c70f237113e6,0x9fc96c7e,2024-06-11T23:43:36.000Z,0x557764618fc2f4eca692d422ba79c70f237113e6,0x9fc96c7e
0xefcb357ccbcd5ed0c1b372db48ae069ceb8d75b7,2024-06-15T15:14:48.000Z,0x557764618fc2f4eca692d422ba79c70f237113e6,0x9fc96c7e,2024-06-12T10:16:14.000Z,0x557764618fc2f4eca692d422ba79c70f237113e6,0x9fc96c7e,2024-06-11T23:42:48.000Z,0x557764618fc2f4eca692d422ba79c70f237113e6,0x9fc96c7e
0x8d0842dd8732932728ffb71d78d4c64487c0f419,2024-06-15T15:13:29.000Z,0x557764618fc2f4eca692d422ba79c70f237113e6,0x9fc96c7e,2024-06-12T10:16:42.000Z,0x557764618fc2f4eca692d422ba79c70f237113e6,0x9fc96c7e,2024-06-11T23:41:50.000Z,0x557764618fc2f4eca692d422ba79c70f237113e6,0x9fc96c7e
0x4e89805df5c5c692b3e14cd8815c1cb4f5e7e681,2024-06-15T15:14:15.000Z,0x557764618fc2f4eca692d422ba79c70f237113e6,0x9fc96c7e,2024-06-12T10:15:25.000Z,0x557764618fc2f4eca692d422ba79c70f237113e6,0x9fc96c7e,2024-06-11T23:43:40.000Z,0x557764618fc2f4eca692d422ba79c70f237113e6,0x9fc96c7e
0xbc36fec3f1f4b3279ee6aec469eb275a91dc9260,2024-06-15T15:14:36.000Z,0x557764618fc2f4eca692d422ba79c70f237113e6,0x9fc96c7e,2024-06-12T10:15:33.000Z,0x557764618fc2f4eca692d422ba79c70f237113e6,0x9fc96c7e,2024-06-11T23:44:22.000Z,0x557764618fc2f4eca692d422ba79c70f237113e6,0x9fc96c7e
0xbfe22ba5f37a117a1559865d4013b913b7fea17c,2024-06-15T15:15:56.000Z,0x557764618fc2f4eca692d422ba79c70f237113e6,0x9fc96c7e,2024-06-12T10:16:44.000Z,0x557764618fc2f4eca692d422ba79c70f237113e6,0x9fc96c7e,2024-06-11T23:42:26.000Z,0x557764618fc2f4eca692d422ba79c70f237113e6,0x9fc96c7e
0x7e07577d6be95dabf0133f5fc070a2d9861a9d49,2024-06-15T15:13:04.000Z,0x557764618fc2f4eca692d422ba79c70f237113e6,0x9fc96c7e,2024-06-12T10:15:13.000Z,0x557764618fc2f4eca692d422ba79c70f237113e6,0x9fc96c7e,2024-06-11T23:42:12.000Z,0x557764618fc2f4eca692d422ba79c70f237113e6,0x9fc96c7e
0xbdebaa93d12d2943bbb304d32a365b0cbdb7fc9f,2024-06-15T15:14:15.000Z,0x557764618fc2f4eca692d422ba79c70f237113e6,0x9fc96c7e,2024-06-12T10:15:53.000Z,0x557764618fc2f4eca692d422ba79c70f237113e6,0x9fc96c7e,2024-06-11T23:42:16.000Z,0x557764618fc2f4eca692d422ba79c70f237113e6,0x9fc96c7e
0x802bda1f0022d122cb68ea0026b561cc9b82e9e7,2024-06-15T15:14:15.000Z,0x557764618fc2f4eca692d422ba79c70f237113e6,0x9fc96c7e,2024-06-12T10:16:03.000Z,0x557764618fc2f4eca692d422ba79c70f237113e6,0x9fc96c7e,2024-06-11T23:42:21.000Z,0x557764618fc2f4eca692d422ba79c70f237113e6,0x9fc96c7e
0x415c2914d3a8a472cf6a1b7db1a04480d14608da,2024-06-15T15:13:41.000Z,0x557764618fc2f4eca692d422ba79c70f237113e6,0x9fc96c7e,2024-06-12T10:15:25.000Z,0x557764618fc2f4eca692d422ba79c70f237113e6,0x9fc96c7e,2024-06-11T23:43:11.000Z,0x557764618fc2f4eca692d422ba79c70f237113e6,0x9fc96c7e
0x30bd12d200a44d5039b244b0f3f6740196d3f1b4,2024-06-15T15:13:12.000Z,0x557764618fc2f4eca692d422ba79c70f237113e6,0x9fc96c7e,2024-06-12T10:15:13.000Z,0x557764618fc2f4eca692d422ba79c70f237113e6,0x9fc96c7e,2024-06-11T23:42:26.000Z,0x557764618fc2f4eca692d422ba79c70f237113e6,0x9fc96c7e
0x2b3df524a8f16e2f064724a286d792e14e5ecdcd,2024-06-15T15:15:09.000Z,0x557764618fc2f4eca692d422ba79c70f237113e6,0x9fc96c7e,2024-06-12T10:15:19.000Z,0x557764618fc2f4eca692d422ba79c70f237113e6,0x9fc96c7e,2024-06-11T23:45:06.000Z,0x557764618fc2f4eca692d422ba79c70f237113e6,0x9fc96c7e
0x9035b91d849ee56609a57c82b15637a30831c0e6,2024-06-15T15:14:15.000Z,0x557764618fc2f4eca692d422ba79c70f237113e6,0x9fc96c7e,2024-06-12T10:15:49.000Z,0x557764618fc2f4eca692d422ba79c70f237113e6,0x9fc96c7e,2024-06-11T23:43:22.000Z,0x557764618fc2f4eca692d422ba79c70f237113e6,0x9fc96c7e
0x891931598a1a0f8d80b6c6afc058cc55ac15a03e,2024-06-15T15:12:56.000Z,0x557764618fc2f4eca692d422ba79c70f237113e6,0x9fc96c7e,2024-06-12T10:15:38.000Z,0x557764618fc2f4eca692d422ba79c70f237113e6,0x9fc96c7e,2024-06-11T23:42:48.000Z,0x557764618fc2f4eca692d422ba79c70f237113e6,0x9fc96c7e
0x9cb3287323ceeb4fc846f1d97541f89c98df73ae,2024-06-15T15:15:56.000Z,0x557764618fc2f4eca692d422ba79c70f237113e6,0x9fc96c7e,2024-06-12T10:15:08.000Z,0x557764618fc2f4eca692d422ba79c70f237113e6,0x9fc96c7e,2024-06-11T23:44:21.000Z,0x557764618fc2f4eca692d422ba79c70f237113e6,0x9fc96c7e
0x6012d3883fa86adf72b11b1e3712c629177bcdec,2024-06-15T15:16:00.000Z,0x557764618fc2f4eca692d422ba79c70f237113e6,0x9fc96c7e,2024-06-12T10:15:25.000Z,0x557764618fc2f4eca692d422ba79c70f237113e6,0x9fc96c7e,2024-06-11T23:41:56.000Z,0x557764618fc2f4eca692d422ba79c70f237113e6,0x9fc96c7e
0x802f9b8c6428533e69d7358e5116ced030e7b93b,2024-06-15T15:13:16.000Z,0x557764618fc2f4eca692d422ba79c70f237113e6,0x9fc96c7e,2024-06-12T10:15:10.000Z,0x557764618fc2f4eca692d422ba79c70f237113e6,0x9fc96c7e,2024-06-11T23:42:07.000Z,0x557764618fc2f4eca692d422ba79c70f237113e6,0x9fc96c7e
0x811396b2efd7b563a8777e0e6083a0722cb7e697,2024-06-15T15:15:56.000Z,0x557764618fc2f4eca692d422ba79c70f237113e6,0x9fc96c7e,2024-06-12T10:16:03.000Z,0x557764618fc2f4eca692d422ba79c70f237113e6,0x9fc96c7e,2024-06-11T23:44:44.000Z,0x557764618fc2f4eca692d422ba79c70f237113e6,0x9fc96c7e
0x8b2f5724fb891bc0e6af4f68d0bb006392f72a90,2024-06-15T15:15:23.000Z,0x557764618fc2f4eca692d422ba79c70f237113e6,0x9fc96c7e,2024-06-12T10:15:46.000Z,0x557764618fc2f4eca692d422ba79c70f237113e6,0x9fc96c7e,2024-06-11T23:44:44.000Z,0x557764618fc2f4eca692d422ba79c70f237113e6,0x9fc96c7e
0x29e43ae0e8b1a7470d02252188847127cb3bcfbf,2024-06-15T15:12:51.000Z,0x557764618fc2f4eca692d422ba79c70f237113e6,0x9fc96c7e,2024-06-12T10:15:29.000Z,0x557764618fc2f4eca692d422ba79c70f237113e6,0x9fc96c7e,2024-06-11T23:45:06.000Z,0x557764618fc2f4eca692d422ba79c70f237113e6,0x9fc96c7e
0xcf8e25cfec8afb062b9bb1cd0458dcc4fd98ef18,2024-06-15T15:14:36.000Z,0x557764618fc2f4eca692d422ba79c70f237113e6,0x9fc96c7e,2024-06-12T10:16:26.000Z,0x557764618fc2f4eca692d422ba79c70f237113e6,0x9fc96c7e,2024-06-11T23:44:00.000Z,0x557764618fc2f4eca692d422ba79c70f237113e6,0x9fc96c7e
0xca3d7c6ed32c29a5b2110f68ac7d76f671a0eadc,2024-06-15T15:13:01.000Z,0x557764618fc2f4eca692d422ba79c70f237113e6,0x9fc96c7e,2024-06-12T10:16:26.000Z,0x557764618fc2f4eca692d422ba79c70f237113e6,0x9fc96c7e,2024-06-11T23:42:26.000Z,0x557764618fc2f4eca692d422ba79c70f237113e6,0x9fc96c7e
0x319d1d25b5aaaec9962ff7c36f4343b169d97fd9,2024-06-15T15:13:41.000Z,0x557764618fc2f4eca692d422ba79c70f237113e6,0x9fc96c7e,2024-06-12T10:15:46.000Z,0x557764618fc2f4eca692d422ba79c70f237113e6,0x9fc96c7e,2024-06-11T23:45:22.000Z,0x557764618fc2f4eca692d422ba79c70f237113e6,0x9fc96c7e
0x52147c6c1252b9ad501bbfd3635120d64ece77d8,2024-06-15T15:14:15.000Z,0x557764618fc2f4eca692d422ba79c70f237113e6,0x9fc96c7e,2024-06-12T10:15:21.000Z,0x557764618fc2f4eca692d422ba79c70f237113e6,0x9fc96c7e,2024-06-11T23:45:14.000Z,0x557764618fc2f4eca692d422ba79c70f237113e6,0x9fc96c7e
0xabacaf1c318c70855672c67a930bf3f9d3f7bef6,2024-06-15T15:13:41.000Z,0x557764618fc2f4eca692d422ba79c70f237113e6,0x9fc96c7e,2024-06-12T10:15:46.000Z,0x557764618fc2f4eca692d422ba79c70f237113e6,0x9fc96c7e,2024-06-11T23:44:56.000Z,0x557764618fc2f4eca692d422ba79c70f237113e6,0x9fc96c7e
0xb77d5b9e4a4eb5b8c51e209e566d3770f657abb8,2024-06-15T15:14:04.000Z,0x557764618fc2f4eca692d422ba79c70f237113e6,0x9fc96c7e,2024-06-12T10:15:46.000Z,0x557764618fc2f4eca692d422ba79c70f237113e6,0x9fc96c7e,2024-06-11T23:43:11.000Z,0x557764618fc2f4eca692d422ba79c70f237113e6,0x9fc96c7e
0x9ff98a7bade8b9b8aa14601057f73e1652c3a88c,2024-06-15T15:13:28.000Z,0x557764618fc2f4eca692d422ba79c70f237113e6,0x9fc96c7e,2024-06-12T10:16:07.000Z,0x557764618fc2f4eca692d422ba79c70f237113e6,0x9fc96c7e,2024-06-11T23:44:21.000Z,0x557764618fc2f4eca692d422ba79c70f237113e6,0x9fc96c7e
0x726ec71a0b44a5534ff65668a66efb4fe716722d,2024-06-15T15:14:48.000Z,0x557764618fc2f4eca692d422ba79c70f237113e6,0x9fc96c7e,2024-06-12T10:15:13.000Z,0x557764618fc2f4eca692d422ba79c70f237113e6,0x9fc96c7e,2024-06-11T23:43:22.000Z,0x557764618fc2f4eca692d422ba79c70f237113e6,0x9fc96c7e
0xdb19fb54207c2f5d0a2cef7192103755e5300147,2024-06-15T15:15:23.000Z,0x557764618fc2f4eca692d422ba79c70f237113e6,0x9fc96c7e,2024-06-12T10:15:38.000Z,0x557764618fc2f4eca692d422ba79c70f237113e6,0x9fc96c7e,2024-06-11T23:45:14.000Z,0x557764618fc2f4eca692d422ba79c70f237113e6,0x9fc96c7e
0x2d0ee75a72086d9d55c5f77dd7faca8ecdf55266,2024-06-15T15:13:16.000Z,0x557764618fc2f4eca692d422ba79c70f237113e6,0x9fc96c7e,2024-06-12T10:16:10.000Z,0x557764618fc2f4eca692d422ba79c70f237113e6,0x9fc96c7e,2024-06-11T23:43:50.000Z,0x557764618fc2f4eca692d422ba79c70f237113e6,0x9fc96c7e
0xc9cef0163b2c03fa744bfc52ad14fb07e9086580,2024-06-15T15:14:49.000Z,0x557764618fc2f4eca692d422ba79c70f237113e6,0x9fc96c7e,2024-06-12T10:15:46.000Z,0x557764618fc2f4eca692d422ba79c70f237113e6,0x9fc96c7e,2024-06-11T23:44:56.000Z,0x557764618fc2f4eca692d422ba79c70f237113e6,0x9fc96c7e
0xa4d4da2fe5bc253c10a1f028dd39a9cbf866e2a5,2024-06-15T15:15:23.000Z,0x557764618fc2f4eca692d422ba79c70f237113e6,0x9fc96c7e,2024-06-12T10:16:26.000Z,0x557764618fc2f4eca692d422ba79c70f237113e6,0x9fc96c7e,2024-06-11T23:44:44.000Z,0x557764618fc2f4eca692d422ba79c70f237113e6,0x9fc96c7e